date,season,year,total,oni
1950-01-15T00:00:00,DJF,1950,25.01,-1.32
1950-02-15T00:00:00,JFM,1950,25.36,-1.2
1950-03-15T00:00:00,FMA,1950,25.88,-1.12
1950-04-15T00:00:00,MAM,1950,26.24,-1.08
1950-05-15T00:00:00,AMJ,1950,26.35,-1.1
1950-06-15T00:00:00,MJJ,1950,26.32,-0.9
1950-07-15T00:00:00,JJA,1950,26.24,-0.62
1950-08-15T00:00:00,JAS,1950,25.94,-0.57
1950-09-15T00:00:00,ASO,1950,25.76,-0.56
1950-10-15T00:00:00,SON,1950,25.6,-0.62
1950-11-15T00:00:00,OND,1950,25.55,-0.66
1950-12-15T00:00:00,NDJ,1950,25.41,-0.79
1951-01-15T00:00:00,DJF,1951,25.67,-0.66
1951-02-15T00:00:00,JFM,1951,26.2,-0.36
1951-03-15T00:00:00,FMA,1951,26.96,-0.04
1951-04-15T00:00:00,MAM,1951,27.48,0.16
1951-05-15T00:00:00,AMJ,1951,27.72,0.27
1951-06-15T00:00:00,MJJ,1951,27.72,0.5
1951-07-15T00:00:00,JJA,1951,27.57,0.71
1951-08-15T00:00:00,JAS,1951,27.41,0.9
1951-09-15T00:00:00,ASO,1951,27.34,1.02
1951-10-15T00:00:00,SON,1951,27.25,1.03
1951-11-15T00:00:00,OND,1951,27.18,0.96
1951-12-15T00:00:00,NDJ,1951,26.91,0.71
1952-01-15T00:00:00,DJF,1952,26.86,0.52
1952-02-15T00:00:00,JFM,1952,26.82,0.27
1952-03-15T00:00:00,FMA,1952,27.33,0.33
1952-04-15T00:00:00,MAM,1952,27.5,0.18
1952-05-15T00:00:00,AMJ,1952,27.38,-0.07
1952-06-15T00:00:00,MJJ,1952,26.78,-0.44
1952-07-15T00:00:00,JJA,1952,26.41,-0.45
1952-08-15T00:00:00,JAS,1952,26.31,-0.2
1952-09-15T00:00:00,ASO,1952,26.35,0.03
1952-10-15T00:00:00,SON,1952,26.26,0.04
1952-11-15T00:00:00,OND,1952,26.11,-0.11
1952-12-15T00:00:00,NDJ,1952,26.25,0.06
1953-01-15T00:00:00,DJF,1953,26.58,0.25
1953-02-15T00:00:00,JFM,1953,27.06,0.5
1953-03-15T00:00:00,FMA,1953,27.48,0.48
1953-04-15T00:00:00,MAM,1953,27.88,0.56
1953-05-15T00:00:00,AMJ,1953,28.22,0.77
1953-06-15T00:00:00,MJJ,1953,27.96,0.74
1953-07-15T00:00:00,JJA,1953,27.49,0.63
1953-08-15T00:00:00,JAS,1953,27.19,0.68
1953-09-15T00:00:00,ASO,1953,26.91,0.59
1953-10-15T00:00:00,SON,1953,27,0.78
1953-11-15T00:00:00,OND,1953,26.74,0.52
1953-12-15T00:00:00,NDJ,1953,26.76,0.56
1954-01-15T00:00:00,DJF,1954,26.74,0.41
1954-02-15T00:00:00,JFM,1954,26.91,0.35
1954-03-15T00:00:00,FMA,1954,27.01,0.01
1954-04-15T00:00:00,MAM,1954,27.04,-0.27
1954-05-15T00:00:00,AMJ,1954,26.97,-0.48
1954-06-15T00:00:00,MJJ,1954,26.74,-0.48
1954-07-15T00:00:00,JJA,1954,26.18,-0.67
1954-08-15T00:00:00,JAS,1954,25.68,-0.83
1954-09-15T00:00:00,ASO,1954,25.58,-0.73
1954-10-15T00:00:00,SON,1954,25.7,-0.52
1954-11-15T00:00:00,OND,1954,25.82,-0.4
1954-12-15T00:00:00,NDJ,1954,25.76,-0.44
1955-01-15T00:00:00,DJF,1955,25.83,-0.5
1955-02-15T00:00:00,JFM,1955,26.08,-0.48
1955-03-15T00:00:00,FMA,1955,26.42,-0.58
1955-04-15T00:00:00,MAM,1955,26.56,-0.76
1955-05-15T00:00:00,AMJ,1955,26.67,-0.78
1955-06-15T00:00:00,MJJ,1955,26.34,-0.88
1955-07-15T00:00:00,JJA,1955,26.13,-0.72
1955-08-15T00:00:00,JAS,1955,25.59,-0.92
1955-09-15T00:00:00,ASO,1955,25.21,-1.11
1955-10-15T00:00:00,SON,1955,24.78,-1.44
1955-11-15T00:00:00,OND,1955,24.63,-1.59
1955-12-15T00:00:00,NDJ,1955,24.73,-1.51
1956-01-15T00:00:00,DJF,1956,25.2,-1.17
1956-02-15T00:00:00,JFM,1956,25.82,-0.81
1956-03-15T00:00:00,FMA,1956,26.47,-0.57
1956-04-15T00:00:00,MAM,1956,26.84,-0.51
1956-05-15T00:00:00,AMJ,1956,27,-0.49
1956-06-15T00:00:00,MJJ,1956,26.81,-0.47
1956-07-15T00:00:00,JJA,1956,26.37,-0.55
1956-08-15T00:00:00,JAS,1956,26.02,-0.52
1956-09-15T00:00:00,ASO,1956,25.9,-0.43
1956-10-15T00:00:00,SON,1956,25.85,-0.39
1956-11-15T00:00:00,OND,1956,25.87,-0.37
1956-12-15T00:00:00,NDJ,1956,25.87,-0.39
1957-01-15T00:00:00,DJF,1957,26.11,-0.27
1957-02-15T00:00:00,JFM,1957,26.57,-0.06
1957-03-15T00:00:00,FMA,1957,27.3,0.26
1957-04-15T00:00:00,MAM,1957,27.99,0.63
1957-05-15T00:00:00,AMJ,1957,28.21,0.72
1957-06-15T00:00:00,MJJ,1957,28.09,0.82
1957-07-15T00:00:00,JJA,1957,27.88,0.96
1957-08-15T00:00:00,JAS,1957,27.57,1.03
1957-09-15T00:00:00,ASO,1957,27.45,1.12
1957-10-15T00:00:00,SON,1957,27.38,1.15
1957-11-15T00:00:00,OND,1957,27.63,1.39
1957-12-15T00:00:00,NDJ,1957,27.87,1.62
1958-01-15T00:00:00,DJF,1958,28.07,1.69
1958-02-15T00:00:00,JFM,1958,28.21,1.59
1958-03-15T00:00:00,FMA,1958,28.21,1.17
1958-04-15T00:00:00,MAM,1958,28.2,0.84
1958-05-15T00:00:00,AMJ,1958,28.06,0.57
1958-06-15T00:00:00,MJJ,1958,27.77,0.49
1958-07-15T00:00:00,JJA,1958,27.36,0.43
1958-08-15T00:00:00,JAS,1958,26.86,0.32
1958-09-15T00:00:00,ASO,1958,26.61,0.28
1958-10-15T00:00:00,SON,1958,26.53,0.3
1958-11-15T00:00:00,OND,1958,26.6,0.36
1958-12-15T00:00:00,NDJ,1958,26.82,0.56
1959-01-15T00:00:00,DJF,1959,26.99,0.6
1959-02-15T00:00:00,JFM,1959,27.27,0.64
1959-03-15T00:00:00,FMA,1959,27.51,0.48
1959-04-15T00:00:00,MAM,1959,27.75,0.39
1959-05-15T00:00:00,AMJ,1959,27.73,0.24
1959-06-15T00:00:00,MJJ,1959,27.29,0.02
1959-07-15T00:00:00,JJA,1959,26.74,-0.19
1959-08-15T00:00:00,JAS,1959,26.31,-0.23
1959-09-15T00:00:00,ASO,1959,26.29,-0.04
1959-10-15T00:00:00,SON,1959,26.34,0.11
1959-11-15T00:00:00,OND,1959,26.47,0.23
1959-12-15T00:00:00,NDJ,1959,26.4,0.14
1960-01-15T00:00:00,DJF,1960,26.4,0.02
1960-02-15T00:00:00,JFM,1960,26.65,0.03
1960-03-15T00:00:00,FMA,1960,27.1,0.06
1960-04-15T00:00:00,MAM,1960,27.52,0.17
1960-05-15T00:00:00,AMJ,1960,27.53,0.04
1960-06-15T00:00:00,MJJ,1960,27.27,0
1960-07-15T00:00:00,JJA,1960,26.93,0.01
1960-08-15T00:00:00,JAS,1960,26.69,0.15
1960-09-15T00:00:00,ASO,1960,26.52,0.19
1960-10-15T00:00:00,SON,1960,26.32,0.08
1960-11-15T00:00:00,OND,1960,26.17,-0.07
1960-12-15T00:00:00,NDJ,1960,26.16,-0.07
1961-01-15T00:00:00,DJF,1961,26.34,0
1961-02-15T00:00:00,JFM,1961,26.6,0.03
1961-03-15T00:00:00,FMA,1961,26.98,0.01
1961-04-15T00:00:00,MAM,1961,27.33,0.05
1961-05-15T00:00:00,AMJ,1961,27.62,0.22
1961-06-15T00:00:00,MJJ,1961,27.41,0.22
1961-07-15T00:00:00,JJA,1961,26.94,0.08
1961-08-15T00:00:00,JAS,1961,26.32,-0.2
1961-09-15T00:00:00,ASO,1961,26.01,-0.32
1961-10-15T00:00:00,SON,1961,26.02,-0.22
1961-11-15T00:00:00,OND,1961,26.09,-0.11
1961-12-15T00:00:00,NDJ,1961,26.14,-0.05
1962-01-15T00:00:00,DJF,1962,26.16,-0.16
1962-02-15T00:00:00,JFM,1962,26.4,-0.17
1962-03-15T00:00:00,FMA,1962,26.83,-0.15
1962-04-15T00:00:00,MAM,1962,27.09,-0.2
1962-05-15T00:00:00,AMJ,1962,27.21,-0.19
1962-06-15T00:00:00,MJJ,1962,27.06,-0.13
1962-07-15T00:00:00,JJA,1962,26.85,0
1962-08-15T00:00:00,JAS,1962,26.42,-0.1
1962-09-15T00:00:00,ASO,1962,26.17,-0.16
1962-10-15T00:00:00,SON,1962,25.98,-0.25
1962-11-15T00:00:00,OND,1962,25.95,-0.25
1962-12-15T00:00:00,NDJ,1962,25.87,-0.32
1963-01-15T00:00:00,DJF,1963,25.98,-0.33
1963-02-15T00:00:00,JFM,1963,26.4,-0.17
1963-03-15T00:00:00,FMA,1963,26.99,0.01
1963-04-15T00:00:00,MAM,1963,27.41,0.13
1963-05-15T00:00:00,AMJ,1963,27.52,0.12
1963-06-15T00:00:00,MJJ,1963,27.64,0.45
1963-07-15T00:00:00,JJA,1963,27.61,0.76
1963-08-15T00:00:00,JAS,1963,27.61,1.09
1963-09-15T00:00:00,ASO,1963,27.42,1.09
1963-10-15T00:00:00,SON,1963,27.37,1.13
1963-11-15T00:00:00,OND,1963,27.39,1.19
1963-12-15T00:00:00,NDJ,1963,27.33,1.13
1964-01-15T00:00:00,DJF,1964,27.26,0.95
1964-02-15T00:00:00,JFM,1964,27.09,0.52
1964-03-15T00:00:00,FMA,1964,27.04,0.06
1964-04-15T00:00:00,MAM,1964,26.93,-0.35
1964-05-15T00:00:00,AMJ,1964,26.8,-0.6
1964-06-15T00:00:00,MJJ,1964,26.53,-0.66
1964-07-15T00:00:00,JJA,1964,26.19,-0.67
1964-08-15T00:00:00,JAS,1964,25.82,-0.7
1964-09-15T00:00:00,ASO,1964,25.6,-0.72
1964-10-15T00:00:00,SON,1964,25.44,-0.8
1964-11-15T00:00:00,OND,1964,25.41,-0.79
1964-12-15T00:00:00,NDJ,1964,25.45,-0.75
1965-01-15T00:00:00,DJF,1965,25.8,-0.51
1965-02-15T00:00:00,JFM,1965,26.32,-0.25
1965-03-15T00:00:00,FMA,1965,26.93,-0.04
1965-04-15T00:00:00,MAM,1965,27.45,0.16
1965-05-15T00:00:00,AMJ,1965,27.86,0.47
1965-06-15T00:00:00,MJJ,1965,27.98,0.79
1965-07-15T00:00:00,JJA,1965,27.95,1.1
1965-08-15T00:00:00,JAS,1965,27.79,1.27
1965-09-15T00:00:00,ASO,1965,27.87,1.55
1965-10-15T00:00:00,SON,1965,27.93,1.7
1965-11-15T00:00:00,OND,1965,28.02,1.82
1965-12-15T00:00:00,NDJ,1965,27.83,1.6
1966-01-15T00:00:00,DJF,1966,27.61,1.24
1966-02-15T00:00:00,JFM,1966,27.6,0.95
1966-03-15T00:00:00,FMA,1966,27.79,0.76
1966-04-15T00:00:00,MAM,1966,27.77,0.43
1966-05-15T00:00:00,AMJ,1966,27.68,0.24
1966-06-15T00:00:00,MJJ,1966,27.44,0.18
1966-07-15T00:00:00,JJA,1966,27.18,0.25
1966-08-15T00:00:00,JAS,1966,26.73,0.13
1966-09-15T00:00:00,ASO,1966,26.34,-0.09
1966-10-15T00:00:00,SON,1966,26.27,-0.12
1966-11-15T00:00:00,OND,1966,26.17,-0.23
1966-12-15T00:00:00,NDJ,1966,26.02,-0.35
1967-01-15T00:00:00,DJF,1967,25.97,-0.46
1967-02-15T00:00:00,JFM,1967,26.18,-0.48
1967-03-15T00:00:00,FMA,1967,26.53,-0.5
1967-04-15T00:00:00,MAM,1967,26.97,-0.37
1967-05-15T00:00:00,AMJ,1967,27.3,-0.15
1967-06-15T00:00:00,MJJ,1967,27.31,0.05
1967-07-15T00:00:00,JJA,1967,26.92,-0.02
1967-08-15T00:00:00,JAS,1967,26.33,-0.26
1967-09-15T00:00:00,ASO,1967,26.03,-0.4
1967-10-15T00:00:00,SON,1967,25.99,-0.4
1967-11-15T00:00:00,OND,1967,26.03,-0.36
1967-12-15T00:00:00,NDJ,1967,25.95,-0.42
1968-01-15T00:00:00,DJF,1968,25.81,-0.62
1968-02-15T00:00:00,JFM,1968,25.92,-0.73
1968-03-15T00:00:00,FMA,1968,26.41,-0.63
1968-04-15T00:00:00,MAM,1968,26.85,-0.48
1968-05-15T00:00:00,AMJ,1968,27.35,-0.1
1968-06-15T00:00:00,MJJ,1968,27.43,0.17
1968-07-15T00:00:00,JJA,1968,27.37,0.44
1968-08-15T00:00:00,JAS,1968,26.97,0.38
1968-09-15T00:00:00,ASO,1968,26.78,0.34
1968-10-15T00:00:00,SON,1968,26.9,0.5
1968-11-15T00:00:00,OND,1968,27.06,0.66
1968-12-15T00:00:00,NDJ,1968,27.3,0.93
1969-01-15T00:00:00,DJF,1969,27.42,0.98
1969-02-15T00:00:00,JFM,1969,27.63,0.98
1969-03-15T00:00:00,FMA,1969,27.8,0.77
1969-04-15T00:00:00,MAM,1969,28.02,0.69
1969-05-15T00:00:00,AMJ,1969,28.06,0.62
1969-06-15T00:00:00,MJJ,1969,27.74,0.48
1969-07-15T00:00:00,JJA,1969,27.3,0.37
1969-08-15T00:00:00,JAS,1969,27,0.41
1969-09-15T00:00:00,ASO,1969,27.04,0.61
1969-10-15T00:00:00,SON,1969,27.11,0.71
1969-11-15T00:00:00,OND,1969,27.21,0.81
1969-12-15T00:00:00,NDJ,1969,27.08,0.71
1970-01-15T00:00:00,DJF,1970,26.89,0.46
1970-02-15T00:00:00,JFM,1970,26.89,0.23
1970-03-15T00:00:00,FMA,1970,27.27,0.23
1970-04-15T00:00:00,MAM,1970,27.61,0.28
1970-05-15T00:00:00,AMJ,1970,27.56,0.11
1970-06-15T00:00:00,MJJ,1970,27,-0.26
1970-07-15T00:00:00,JJA,1970,26.38,-0.55
1970-08-15T00:00:00,JAS,1970,25.88,-0.72
1970-09-15T00:00:00,ASO,1970,25.74,-0.69
1970-10-15T00:00:00,SON,1970,25.67,-0.72
1970-11-15T00:00:00,OND,1970,25.61,-0.78
1970-12-15T00:00:00,NDJ,1970,25.29,-1.1
1971-01-15T00:00:00,DJF,1971,25.17,-1.29
1971-02-15T00:00:00,JFM,1971,25.34,-1.36
1971-03-15T00:00:00,FMA,1971,25.97,-1.08
1971-04-15T00:00:00,MAM,1971,26.55,-0.81
1971-05-15T00:00:00,AMJ,1971,26.76,-0.72
1971-06-15T00:00:00,MJJ,1971,26.62,-0.69
1971-07-15T00:00:00,JJA,1971,26.3,-0.68
1971-08-15T00:00:00,JAS,1971,26.05,-0.6
1971-09-15T00:00:00,ASO,1971,25.81,-0.68
1971-10-15T00:00:00,SON,1971,25.68,-0.78
1971-11-15T00:00:00,OND,1971,25.59,-0.86
1971-12-15T00:00:00,NDJ,1971,25.65,-0.78
1972-01-15T00:00:00,DJF,1972,25.92,-0.57
1972-02-15T00:00:00,JFM,1972,26.42,-0.27
1972-03-15T00:00:00,FMA,1972,27.09,0.04
1972-04-15T00:00:00,MAM,1972,27.61,0.25
1972-05-15T00:00:00,AMJ,1972,27.96,0.48
1972-06-15T00:00:00,MJJ,1972,28,0.7
1972-07-15T00:00:00,JJA,1972,27.98,1
1972-08-15T00:00:00,JAS,1972,27.91,1.26
1972-09-15T00:00:00,ASO,1972,27.98,1.49
1972-10-15T00:00:00,SON,1972,28.14,1.69
1972-11-15T00:00:00,OND,1972,28.3,1.84
1972-12-15T00:00:00,NDJ,1972,28.2,1.77
1973-01-15T00:00:00,DJF,1973,28.03,1.55
1973-02-15T00:00:00,JFM,1973,27.82,1.13
1973-03-15T00:00:00,FMA,1973,27.61,0.56
1973-04-15T00:00:00,MAM,1973,27.33,-0.03
1973-05-15T00:00:00,AMJ,1973,26.97,-0.51
1973-06-15T00:00:00,MJJ,1973,26.51,-0.8
1973-07-15T00:00:00,JJA,1973,25.99,-0.99
1973-08-15T00:00:00,JAS,1973,25.54,-1.11
1973-09-15T00:00:00,ASO,1973,25.23,-1.26
1973-10-15T00:00:00,SON,1973,24.87,-1.58
1973-11-15T00:00:00,OND,1973,24.57,-1.89
1973-12-15T00:00:00,NDJ,1973,24.39,-2.04
1974-01-15T00:00:00,DJF,1974,24.61,-1.87
1974-02-15T00:00:00,JFM,1974,25.1,-1.59
1974-03-15T00:00:00,FMA,1974,25.82,-1.24
1974-04-15T00:00:00,MAM,1974,26.37,-0.99
1974-05-15T00:00:00,AMJ,1974,26.77,-0.71
1974-06-15T00:00:00,MJJ,1974,26.67,-0.64
1974-07-15T00:00:00,JJA,1974,26.52,-0.46
1974-08-15T00:00:00,JAS,1974,26.25,-0.4
1974-09-15T00:00:00,ASO,1974,26.02,-0.47
1974-10-15T00:00:00,SON,1974,25.76,-0.69
1974-11-15T00:00:00,OND,1974,25.57,-0.88
1974-12-15T00:00:00,NDJ,1974,25.72,-0.71
1975-01-15T00:00:00,DJF,1975,25.92,-0.56
1975-02-15T00:00:00,JFM,1975,26.15,-0.55
1975-03-15T00:00:00,FMA,1975,26.44,-0.61
1975-04-15T00:00:00,MAM,1975,26.7,-0.66
1975-05-15T00:00:00,AMJ,1975,26.68,-0.8
1975-06-15T00:00:00,MJJ,1975,26.39,-0.92
1975-07-15T00:00:00,JJA,1975,25.9,-1.08
1975-08-15T00:00:00,JAS,1975,25.54,-1.12
1975-09-15T00:00:00,ASO,1975,25.2,-1.29
1975-10-15T00:00:00,SON,1975,25.14,-1.32
1975-11-15T00:00:00,OND,1975,24.98,-1.47
1975-12-15T00:00:00,NDJ,1975,24.84,-1.58
1976-01-15T00:00:00,DJF,1976,24.98,-1.49
1976-02-15T00:00:00,JFM,1976,25.55,-1.11
1976-03-15T00:00:00,FMA,1976,26.37,-0.65
1976-04-15T00:00:00,MAM,1976,26.87,-0.45
1976-05-15T00:00:00,AMJ,1976,27.21,-0.23
1976-06-15T00:00:00,MJJ,1976,27.28,0
1976-07-15T00:00:00,JJA,1976,27.21,0.23
1976-08-15T00:00:00,JAS,1976,27.09,0.4
1976-09-15T00:00:00,ASO,1976,27.13,0.6
1976-10-15T00:00:00,SON,1976,27.28,0.79
1976-11-15T00:00:00,OND,1976,27.28,0.81
1976-12-15T00:00:00,NDJ,1976,27.28,0.84
1977-01-15T00:00:00,DJF,1977,27.19,0.71
1977-02-15T00:00:00,JFM,1977,27.33,0.66
1977-03-15T00:00:00,FMA,1977,27.35,0.33
1977-04-15T00:00:00,MAM,1977,27.58,0.26
1977-05-15T00:00:00,AMJ,1977,27.7,0.26
1977-06-15T00:00:00,MJJ,1977,27.75,0.46
1977-07-15T00:00:00,JJA,1977,27.37,0.39
1977-08-15T00:00:00,JAS,1977,27.04,0.35
1977-09-15T00:00:00,ASO,1977,26.97,0.45
1977-10-15T00:00:00,SON,1977,27.17,0.68
1977-11-15T00:00:00,OND,1977,27.31,0.84
1977-12-15T00:00:00,NDJ,1977,27.25,0.82
1978-01-15T00:00:00,DJF,1978,27.18,0.71
1978-02-15T00:00:00,JFM,1978,27.19,0.52
1978-03-15T00:00:00,FMA,1978,27.19,0.17
1978-04-15T00:00:00,MAM,1978,27.26,-0.06
1978-05-15T00:00:00,AMJ,1978,27.17,-0.28
1978-06-15T00:00:00,MJJ,1978,27.05,-0.24
1978-07-15T00:00:00,JJA,1978,26.61,-0.37
1978-08-15T00:00:00,JAS,1978,26.32,-0.37
1978-09-15T00:00:00,ASO,1978,26.08,-0.44
1978-10-15T00:00:00,SON,1978,26.22,-0.27
1978-11-15T00:00:00,OND,1978,26.4,-0.07
1978-12-15T00:00:00,NDJ,1978,26.54,0.11
1979-01-15T00:00:00,DJF,1979,26.67,0.19
1979-02-15T00:00:00,JFM,1979,26.88,0.21
1979-03-15T00:00:00,FMA,1979,27.31,0.29
1979-04-15T00:00:00,MAM,1979,27.64,0.32
1979-05-15T00:00:00,AMJ,1979,27.73,0.29
1979-06-15T00:00:00,MJJ,1979,27.43,0.14
1979-07-15T00:00:00,JJA,1979,27.07,0.09
1979-08-15T00:00:00,JAS,1979,26.91,0.22
1979-09-15T00:00:00,ASO,1979,26.86,0.34
1979-10-15T00:00:00,SON,1979,26.96,0.47
1979-11-15T00:00:00,OND,1979,26.97,0.5
1979-12-15T00:00:00,NDJ,1979,27.07,0.64
1980-01-15T00:00:00,DJF,1980,27.09,0.62
1980-02-15T00:00:00,JFM,1980,27.14,0.47
1980-03-15T00:00:00,FMA,1980,27.37,0.35
1980-04-15T00:00:00,MAM,1980,27.67,0.34
1980-05-15T00:00:00,AMJ,1980,27.9,0.45
1980-06-15T00:00:00,MJJ,1980,27.68,0.4
1980-07-15T00:00:00,JJA,1980,27.16,0.18
1980-08-15T00:00:00,JAS,1980,26.62,-0.06
1980-09-15T00:00:00,ASO,1980,26.36,-0.17
1980-10-15T00:00:00,SON,1980,26.42,-0.07
1980-11-15T00:00:00,OND,1980,26.55,0.08
1980-12-15T00:00:00,NDJ,1980,26.44,-0.05
1981-01-15T00:00:00,DJF,1981,26.31,-0.27
1981-02-15T00:00:00,JFM,1981,26.4,-0.42
1981-03-15T00:00:00,FMA,1981,26.76,-0.41
1981-04-15T00:00:00,MAM,1981,27.21,-0.27
1981-05-15T00:00:00,AMJ,1981,27.3,-0.28
1981-06-15T00:00:00,MJJ,1981,27.12,-0.27
1981-07-15T00:00:00,JJA,1981,26.77,-0.28
1981-08-15T00:00:00,JAS,1981,26.51,-0.23
1981-09-15T00:00:00,ASO,1981,26.49,-0.08
1981-10-15T00:00:00,SON,1981,26.38,-0.16
1981-11-15T00:00:00,OND,1981,26.34,-0.19
1981-12-15T00:00:00,NDJ,1981,26.4,-0.14
1982-01-15T00:00:00,DJF,1982,26.55,-0.05
1982-02-15T00:00:00,JFM,1982,26.83,0.02
1982-03-15T00:00:00,FMA,1982,27.23,0.07
1982-04-15T00:00:00,MAM,1982,27.82,0.34
1982-05-15T00:00:00,AMJ,1982,28.23,0.65
1982-06-15T00:00:00,MJJ,1982,28.12,0.73
1982-07-15T00:00:00,JJA,1982,27.82,0.78
1982-08-15T00:00:00,JAS,1982,27.72,0.99
1982-09-15T00:00:00,ASO,1982,28.02,1.45
1982-10-15T00:00:00,SON,1982,28.36,1.82
1982-11-15T00:00:00,OND,1982,28.56,2.03
1982-12-15T00:00:00,NDJ,1982,28.66,2.12
1983-01-15T00:00:00,DJF,1983,28.74,2.14
1983-02-15T00:00:00,JFM,1983,28.73,1.91
1983-03-15T00:00:00,FMA,1983,28.69,1.52
1983-04-15T00:00:00,MAM,1983,28.7,1.23
1983-05-15T00:00:00,AMJ,1983,28.53,0.95
1983-06-15T00:00:00,MJJ,1983,28.01,0.62
1983-07-15T00:00:00,JJA,1983,27.29,0.25
1983-08-15T00:00:00,JAS,1983,26.67,-0.06
1983-09-15T00:00:00,ASO,1983,26.14,-0.43
1983-10-15T00:00:00,SON,1983,25.78,-0.76
1983-11-15T00:00:00,OND,1983,25.56,-0.96
1983-12-15T00:00:00,NDJ,1983,25.65,-0.89
1984-01-15T00:00:00,DJF,1984,25.97,-0.63
1984-02-15T00:00:00,JFM,1984,26.3,-0.51
1984-03-15T00:00:00,FMA,1984,26.78,-0.38
1984-04-15T00:00:00,MAM,1984,27,-0.47
1984-05-15T00:00:00,AMJ,1984,27.04,-0.55
1984-06-15T00:00:00,MJJ,1984,26.87,-0.52
1984-07-15T00:00:00,JJA,1984,26.65,-0.39
1984-08-15T00:00:00,JAS,1984,26.51,-0.22
1984-09-15T00:00:00,ASO,1984,26.25,-0.32
1984-10-15T00:00:00,SON,1984,25.92,-0.62
1984-11-15T00:00:00,OND,1984,25.57,-0.95
1984-12-15T00:00:00,NDJ,1984,25.48,-1.06
1985-01-15T00:00:00,DJF,1985,25.59,-1.01
1985-02-15T00:00:00,JFM,1985,25.95,-0.86
1985-03-15T00:00:00,FMA,1985,26.31,-0.85
1985-04-15T00:00:00,MAM,1985,26.67,-0.8
1985-05-15T00:00:00,AMJ,1985,26.8,-0.79
1985-06-15T00:00:00,MJJ,1985,26.79,-0.6
1985-07-15T00:00:00,JJA,1985,26.6,-0.44
1985-08-15T00:00:00,JAS,1985,26.41,-0.33
1985-09-15T00:00:00,ASO,1985,26.26,-0.31
1985-10-15T00:00:00,SON,1985,26.24,-0.3
1985-11-15T00:00:00,OND,1985,26.25,-0.28
1985-12-15T00:00:00,NDJ,1985,26.15,-0.36
1986-01-15T00:00:00,DJF,1986,26.15,-0.4
1986-02-15T00:00:00,JFM,1986,26.38,-0.38
1986-03-15T00:00:00,FMA,1986,26.89,-0.25
1986-04-15T00:00:00,MAM,1986,27.31,-0.17
1986-05-15T00:00:00,AMJ,1986,27.5,-0.09
1986-06-15T00:00:00,MJJ,1986,27.42,0.02
1986-07-15T00:00:00,JJA,1986,27.29,0.24
1986-08-15T00:00:00,JAS,1986,27.22,0.46
1986-09-15T00:00:00,ASO,1986,27.24,0.64
1986-10-15T00:00:00,SON,1986,27.42,0.86
1986-11-15T00:00:00,OND,1986,27.57,1.06
1986-12-15T00:00:00,NDJ,1986,27.69,1.21
1987-01-15T00:00:00,DJF,1987,27.72,1.18
1987-02-15T00:00:00,JFM,1987,27.89,1.13
1987-03-15T00:00:00,FMA,1987,28.16,1.02
1987-04-15T00:00:00,MAM,1987,28.42,0.94
1987-05-15T00:00:00,AMJ,1987,28.53,0.95
1987-06-15T00:00:00,MJJ,1987,28.51,1.11
1987-07-15T00:00:00,JJA,1987,28.35,1.3
1987-08-15T00:00:00,JAS,1987,28.23,1.46
1987-09-15T00:00:00,ASO,1987,28.1,1.49
1987-10-15T00:00:00,SON,1987,27.97,1.41
1987-11-15T00:00:00,OND,1987,27.72,1.2
1987-12-15T00:00:00,NDJ,1987,27.49,1
1988-01-15T00:00:00,DJF,1988,27.17,0.63
1988-02-15T00:00:00,JFM,1988,27.13,0.37
1988-03-15T00:00:00,FMA,1988,27.11,-0.03
1988-04-15T00:00:00,MAM,1988,27.03,-0.45
1988-05-15T00:00:00,AMJ,1988,26.6,-0.99
1988-06-15T00:00:00,MJJ,1988,26.09,-1.3
1988-07-15T00:00:00,JJA,1988,25.75,-1.3
1988-08-15T00:00:00,JAS,1988,25.63,-1.14
1988-09-15T00:00:00,ASO,1988,25.34,-1.27
1988-10-15T00:00:00,SON,1988,25.01,-1.54
1988-11-15T00:00:00,OND,1988,24.7,-1.81
1988-12-15T00:00:00,NDJ,1988,24.64,-1.85
1989-01-15T00:00:00,DJF,1989,24.91,-1.64
1989-02-15T00:00:00,JFM,1989,25.39,-1.38
1989-03-15T00:00:00,FMA,1989,26.05,-1.09
1989-04-15T00:00:00,MAM,1989,26.63,-0.85
1989-05-15T00:00:00,AMJ,1989,26.98,-0.61
1989-06-15T00:00:00,MJJ,1989,27,-0.4
1989-07-15T00:00:00,JJA,1989,26.68,-0.37
1989-08-15T00:00:00,JAS,1989,26.41,-0.36
1989-09-15T00:00:00,ASO,1989,26.28,-0.33
1989-10-15T00:00:00,SON,1989,26.31,-0.25
1989-11-15T00:00:00,OND,1989,26.39,-0.12
1989-12-15T00:00:00,NDJ,1989,26.45,-0.04
1990-01-15T00:00:00,DJF,1990,26.73,0.18
1990-02-15T00:00:00,JFM,1990,26.95,0.19
1990-03-15T00:00:00,FMA,1990,27.44,0.3
1990-04-15T00:00:00,MAM,1990,27.75,0.27
1990-05-15T00:00:00,AMJ,1990,27.84,0.25
1990-06-15T00:00:00,MJJ,1990,27.65,0.25
1990-07-15T00:00:00,JJA,1990,27.31,0.26
1990-08-15T00:00:00,JAS,1990,27.08,0.32
1990-09-15T00:00:00,ASO,1990,26.92,0.31
1990-10-15T00:00:00,SON,1990,26.83,0.27
1990-11-15T00:00:00,OND,1990,26.82,0.31
1990-12-15T00:00:00,NDJ,1990,26.88,0.34
1991-01-15T00:00:00,DJF,1991,26.99,0.35
1991-02-15T00:00:00,JFM,1991,27.16,0.26
1991-03-15T00:00:00,FMA,1991,27.5,0.23
1991-04-15T00:00:00,MAM,1991,27.9,0.29
1991-05-15T00:00:00,AMJ,1991,28.21,0.49
1991-06-15T00:00:00,MJJ,1991,28.18,0.63
1991-07-15T00:00:00,JJA,1991,27.97,0.77
1991-08-15T00:00:00,JAS,1991,27.6,0.67
1991-09-15T00:00:00,ASO,1991,27.49,0.72
1991-10-15T00:00:00,SON,1991,27.57,0.83
1991-11-15T00:00:00,OND,1991,27.89,1.18
1991-12-15T00:00:00,NDJ,1991,28.09,1.43
1992-01-15T00:00:00,DJF,1992,28.24,1.54
1992-02-15T00:00:00,JFM,1992,28.4,1.5
1992-03-15T00:00:00,FMA,1992,28.67,1.4
1992-04-15T00:00:00,MAM,1992,28.91,1.3
1992-05-15T00:00:00,AMJ,1992,28.8,1.08
1992-06-15T00:00:00,MJJ,1992,28.27,0.72
1992-07-15T00:00:00,JJA,1992,27.55,0.35
1992-08-15T00:00:00,JAS,1992,27,0.08
1992-09-15T00:00:00,ASO,1992,26.63,-0.15
1992-10-15T00:00:00,SON,1992,26.52,-0.22
1992-11-15T00:00:00,OND,1992,26.47,-0.24
1992-12-15T00:00:00,NDJ,1992,26.62,-0.05
1993-01-15T00:00:00,DJF,1993,26.82,0.13
1993-02-15T00:00:00,JFM,1993,27.21,0.31
1993-03-15T00:00:00,FMA,1993,27.76,0.5
1993-04-15T00:00:00,MAM,1993,28.34,0.73
1993-05-15T00:00:00,AMJ,1993,28.48,0.76
1993-06-15T00:00:00,MJJ,1993,28.11,0.56
1993-07-15T00:00:00,JJA,1993,27.48,0.28
1993-08-15T00:00:00,JAS,1993,27.14,0.22
1993-09-15T00:00:00,ASO,1993,26.98,0.2
1993-10-15T00:00:00,SON,1993,26.95,0.2
1993-11-15T00:00:00,OND,1993,26.9,0.2
1993-12-15T00:00:00,NDJ,1993,26.85,0.19
1994-01-15T00:00:00,DJF,1994,26.77,0.07
1994-02-15T00:00:00,JFM,1994,26.9,0
1994-03-15T00:00:00,FMA,1994,27.31,0.04
1994-04-15T00:00:00,MAM,1994,27.78,0.17
1994-05-15T00:00:00,AMJ,1994,27.97,0.25
1994-06-15T00:00:00,MJJ,1994,27.78,0.23
1994-07-15T00:00:00,JJA,1994,27.51,0.3
1994-08-15T00:00:00,JAS,1994,27.22,0.3
1994-09-15T00:00:00,ASO,1994,27.25,0.47
1994-10-15T00:00:00,SON,1994,27.4,0.66
1994-11-15T00:00:00,OND,1994,27.64,0.93
1994-12-15T00:00:00,NDJ,1994,27.64,0.97
1995-01-15T00:00:00,DJF,1995,27.58,0.88
1995-02-15T00:00:00,JFM,1995,27.56,0.65
1995-03-15T00:00:00,FMA,1995,27.73,0.46
1995-04-15T00:00:00,MAM,1995,27.8,0.19
1995-05-15T00:00:00,AMJ,1995,27.75,0.03
1995-06-15T00:00:00,MJJ,1995,27.43,-0.11
1995-07-15T00:00:00,JJA,1995,26.91,-0.3
1995-08-15T00:00:00,JAS,1995,26.38,-0.55
1995-09-15T00:00:00,ASO,1995,25.97,-0.81
1995-10-15T00:00:00,SON,1995,25.78,-0.97
1995-11-15T00:00:00,OND,1995,25.66,-1.05
1995-12-15T00:00:00,NDJ,1995,25.64,-1.01
1996-01-15T00:00:00,DJF,1996,25.78,-0.88
1996-02-15T00:00:00,JFM,1996,26.15,-0.7
1996-03-15T00:00:00,FMA,1996,26.72,-0.52
1996-04-15T00:00:00,MAM,1996,27.25,-0.36
1996-05-15T00:00:00,AMJ,1996,27.48,-0.25
1996-06-15T00:00:00,MJJ,1996,27.3,-0.24
1996-07-15T00:00:00,JJA,1996,26.99,-0.22
1996-08-15T00:00:00,JAS,1996,26.65,-0.27
1996-09-15T00:00:00,ASO,1996,26.45,-0.3
1996-10-15T00:00:00,SON,1996,26.35,-0.33
1996-11-15T00:00:00,OND,1996,26.24,-0.39
1996-12-15T00:00:00,NDJ,1996,26.18,-0.41
1997-01-15T00:00:00,DJF,1997,26.23,-0.41
1997-02-15T00:00:00,JFM,1997,26.59,-0.26
1997-03-15T00:00:00,FMA,1997,27.21,-0.03
1997-04-15T00:00:00,MAM,1997,27.9,0.3
1997-05-15T00:00:00,AMJ,1997,28.44,0.71
1997-06-15T00:00:00,MJJ,1997,28.67,1.13
1997-07-15T00:00:00,JJA,1997,28.69,1.48
1997-08-15T00:00:00,JAS,1997,28.7,1.79
1997-09-15T00:00:00,ASO,1997,28.78,2.04
1997-10-15T00:00:00,SON,1997,28.92,2.24
1997-11-15T00:00:00,OND,1997,28.97,2.34
1997-12-15T00:00:00,NDJ,1997,28.96,2.37
1998-01-15T00:00:00,DJF,1998,28.85,2.22
1998-02-15T00:00:00,JFM,1998,28.76,1.91
1998-03-15T00:00:00,FMA,1998,28.64,1.4
1998-04-15T00:00:00,MAM,1998,28.63,1.03
1998-05-15T00:00:00,AMJ,1998,28.13,0.4
1998-06-15T00:00:00,MJJ,1998,27.46,-0.08
1998-07-15T00:00:00,JJA,1998,26.57,-0.63
1998-08-15T00:00:00,JAS,1998,26.08,-0.83
1998-09-15T00:00:00,ASO,1998,25.73,-1.02
1998-10-15T00:00:00,SON,1998,25.56,-1.12
1998-11-15T00:00:00,OND,1998,25.32,-1.31
1998-12-15T00:00:00,NDJ,1998,25.12,-1.47
1999-01-15T00:00:00,DJF,1999,25.12,-1.51
1999-02-15T00:00:00,JFM,1999,25.6,-1.25
1999-03-15T00:00:00,FMA,1999,26.31,-0.93
1999-04-15T00:00:00,MAM,1999,26.8,-0.8
1999-05-15T00:00:00,AMJ,1999,26.94,-0.79
1999-06-15T00:00:00,MJJ,1999,26.7,-0.84
1999-07-15T00:00:00,JJA,1999,26.3,-0.9
1999-08-15T00:00:00,JAS,1999,25.97,-0.94
1999-09-15T00:00:00,ASO,1999,25.75,-1
1999-10-15T00:00:00,SON,1999,25.55,-1.13
1999-11-15T00:00:00,OND,1999,25.27,-1.35
1999-12-15T00:00:00,NDJ,1999,25.06,-1.53
2000-01-15T00:00:00,DJF,2000,25.17,-1.47
2000-02-15T00:00:00,JFM,2000,25.59,-1.26
2000-03-15T00:00:00,FMA,2000,26.26,-0.98
2000-04-15T00:00:00,MAM,2000,26.79,-0.81
2000-05-15T00:00:00,AMJ,2000,27.06,-0.67
2000-06-15T00:00:00,MJJ,2000,26.92,-0.62
2000-07-15T00:00:00,JJA,2000,26.73,-0.48
2000-08-15T00:00:00,JAS,2000,26.52,-0.4
2000-09-15T00:00:00,ASO,2000,26.33,-0.42
2000-10-15T00:00:00,SON,2000,26.14,-0.54
2000-11-15T00:00:00,OND,2000,25.87,-0.76
2000-12-15T00:00:00,NDJ,2000,25.78,-0.78
2001-01-15T00:00:00,DJF,2001,25.82,-0.76
2001-02-15T00:00:00,JFM,2001,26.25,-0.54
2001-03-15T00:00:00,FMA,2001,26.79,-0.43
2001-04-15T00:00:00,MAM,2001,27.34,-0.29
2001-05-15T00:00:00,AMJ,2001,27.59,-0.19
2001-06-15T00:00:00,MJJ,2001,27.53,-0.08
2001-07-15T00:00:00,JJA,2001,27.24,-0.05
2001-08-15T00:00:00,JAS,2001,26.86,-0.13
2001-09-15T00:00:00,ASO,2001,26.67,-0.15
2001-10-15T00:00:00,SON,2001,26.52,-0.26
2001-11-15T00:00:00,OND,2001,26.4,-0.33
2001-12-15T00:00:00,NDJ,2001,26.32,-0.32
2002-01-15T00:00:00,DJF,2002,26.46,-0.15
2002-02-15T00:00:00,JFM,2002,26.86,0.07
2002-03-15T00:00:00,FMA,2002,27.34,0.11
2002-04-15T00:00:00,MAM,2002,27.78,0.15
2002-05-15T00:00:00,AMJ,2002,28.08,0.3
2002-06-15T00:00:00,MJJ,2002,28.05,0.45
2002-07-15T00:00:00,JJA,2002,27.85,0.57
2002-08-15T00:00:00,JAS,2002,27.62,0.63
2002-09-15T00:00:00,ASO,2002,27.6,0.78
2002-10-15T00:00:00,SON,2002,27.77,0.99
2002-11-15T00:00:00,OND,2002,27.92,1.19
2002-12-15T00:00:00,NDJ,2002,27.72,1.08
2003-01-15T00:00:00,DJF,2003,27.51,0.9
2003-02-15T00:00:00,JFM,2003,27.39,0.59
2003-03-15T00:00:00,FMA,2003,27.61,0.38
2003-04-15T00:00:00,MAM,2003,27.62,-0.01
2003-05-15T00:00:00,AMJ,2003,27.6,-0.18
2003-06-15T00:00:00,MJJ,2003,27.47,-0.13
2003-07-15T00:00:00,JJA,2003,27.38,0.09
2003-08-15T00:00:00,JAS,2003,27.13,0.14
2003-09-15T00:00:00,ASO,2003,27.05,0.23
2003-10-15T00:00:00,SON,2003,27,0.23
2003-11-15T00:00:00,OND,2003,27.02,0.29
2003-12-15T00:00:00,NDJ,2003,26.93,0.29
2004-01-15T00:00:00,DJF,2004,26.95,0.34
2004-02-15T00:00:00,JFM,2004,27.06,0.27
2004-03-15T00:00:00,FMA,2004,27.41,0.19
2004-04-15T00:00:00,MAM,2004,27.72,0.1
2004-05-15T00:00:00,AMJ,2004,27.9,0.12
2004-06-15T00:00:00,MJJ,2004,27.83,0.22
2004-07-15T00:00:00,JJA,2004,27.67,0.39
2004-08-15T00:00:00,JAS,2004,27.53,0.54
2004-09-15T00:00:00,ASO,2004,27.4,0.58
2004-10-15T00:00:00,SON,2004,27.38,0.61
2004-11-15T00:00:00,OND,2004,27.37,0.64
2004-12-15T00:00:00,NDJ,2004,27.34,0.71
2005-01-15T00:00:00,DJF,2005,27.23,0.62
2005-02-15T00:00:00,JFM,2005,27.35,0.55
2005-03-15T00:00:00,FMA,2005,27.62,0.4
2005-04-15T00:00:00,MAM,2005,27.99,0.37
2005-05-15T00:00:00,AMJ,2005,28.05,0.27
2005-06-15T00:00:00,MJJ,2005,27.7,0.09
2005-07-15T00:00:00,JJA,2005,27.24,-0.04
2005-08-15T00:00:00,JAS,2005,26.85,-0.14
2005-09-15T00:00:00,ASO,2005,26.71,-0.11
2005-10-15T00:00:00,SON,2005,26.5,-0.27
2005-11-15T00:00:00,OND,2005,26.16,-0.57
2005-12-15T00:00:00,NDJ,2005,25.86,-0.82
2006-01-15T00:00:00,DJF,2006,25.83,-0.86
2006-02-15T00:00:00,JFM,2006,26.11,-0.8
2006-03-15T00:00:00,FMA,2006,26.71,-0.63
2006-04-15T00:00:00,MAM,2006,27.28,-0.45
2006-05-15T00:00:00,AMJ,2006,27.69,-0.19
2006-06-15T00:00:00,MJJ,2006,27.63,-0.05
2006-07-15T00:00:00,JJA,2006,27.45,0.12
2006-08-15T00:00:00,JAS,2006,27.32,0.33
2006-09-15T00:00:00,ASO,2006,27.34,0.54
2006-10-15T00:00:00,SON,2006,27.47,0.71
2006-11-15T00:00:00,OND,2006,27.6,0.88
2006-12-15T00:00:00,NDJ,2006,27.55,0.88
2007-01-15T00:00:00,DJF,2007,27.3,0.62
2007-02-15T00:00:00,JFM,2007,27.1,0.19
2007-03-15T00:00:00,FMA,2007,27.22,-0.12
2007-04-15T00:00:00,MAM,2007,27.41,-0.32
2007-05-15T00:00:00,AMJ,2007,27.54,-0.34
2007-06-15T00:00:00,MJJ,2007,27.27,-0.41
2007-07-15T00:00:00,JJA,2007,26.84,-0.49
2007-08-15T00:00:00,JAS,2007,26.22,-0.77
2007-09-15T00:00:00,ASO,2007,25.75,-1.05
2007-10-15T00:00:00,SON,2007,25.38,-1.38
2007-11-15T00:00:00,OND,2007,25.15,-1.57
2007-12-15T00:00:00,NDJ,2007,24.95,-1.72
2008-01-15T00:00:00,DJF,2008,24.92,-1.76
2008-02-15T00:00:00,JFM,2008,25.29,-1.61
2008-03-15T00:00:00,FMA,2008,25.97,-1.37
2008-04-15T00:00:00,MAM,2008,26.69,-1.05
2008-05-15T00:00:00,AMJ,2008,27.03,-0.85
2008-06-15T00:00:00,MJJ,2008,27.13,-0.56
2008-07-15T00:00:00,JJA,2008,26.99,-0.33
2008-08-15T00:00:00,JAS,2008,26.78,-0.2
2008-09-15T00:00:00,ASO,2008,26.55,-0.25
2008-10-15T00:00:00,SON,2008,26.4,-0.36
2008-11-15T00:00:00,OND,2008,26.15,-0.57
2008-12-15T00:00:00,NDJ,2008,25.87,-0.79
2009-01-15T00:00:00,DJF,2009,25.79,-0.89
2009-02-15T00:00:00,JFM,2009,26.07,-0.84
2009-03-15T00:00:00,FMA,2009,26.71,-0.63
2009-04-15T00:00:00,MAM,2009,27.38,-0.35
2009-05-15T00:00:00,AMJ,2009,27.91,0.03
2009-06-15T00:00:00,MJJ,2009,28.03,0.34
2009-07-15T00:00:00,JJA,2009,27.82,0.5
2009-08-15T00:00:00,JAS,2009,27.55,0.56
2009-09-15T00:00:00,ASO,2009,27.46,0.66
2009-10-15T00:00:00,SON,2009,27.68,0.92
2009-11-15T00:00:00,OND,2009,28.02,1.31
2009-12-15T00:00:00,NDJ,2009,28.16,1.5
2010-01-15T00:00:00,DJF,2010,28.15,1.47
2010-02-15T00:00:00,JFM,2010,28.11,1.21
2010-03-15T00:00:00,FMA,2010,28.22,0.88
2010-04-15T00:00:00,MAM,2010,28.11,0.38
2010-05-15T00:00:00,AMJ,2010,27.72,-0.16
2010-06-15T00:00:00,MJJ,2010,27.03,-0.66
2010-07-15T00:00:00,JJA,2010,26.34,-0.98
2010-08-15T00:00:00,JAS,2010,25.74,-1.24
2010-09-15T00:00:00,ASO,2010,25.37,-1.43
2010-10-15T00:00:00,SON,2010,25.21,-1.54
2010-11-15T00:00:00,OND,2010,25.14,-1.57
2010-12-15T00:00:00,NDJ,2010,25.14,-1.48
2011-01-15T00:00:00,DJF,2011,25.28,-1.29
2011-02-15T00:00:00,JFM,2011,25.72,-1.06
2011-03-15T00:00:00,FMA,2011,26.37,-0.85
2011-04-15T00:00:00,MAM,2011,26.95,-0.68
2011-05-15T00:00:00,AMJ,2011,27.29,-0.5
2011-06-15T00:00:00,MJJ,2011,27.29,-0.34
2011-07-15T00:00:00,JJA,2011,26.92,-0.37
2011-08-15T00:00:00,JAS,2011,26.45,-0.5
2011-09-15T00:00:00,ASO,2011,26,-0.76
2011-10-15T00:00:00,SON,2011,25.77,-0.94
2011-11-15T00:00:00,OND,2011,25.63,-1.02
2011-12-15T00:00:00,NDJ,2011,25.64,-0.92
2012-01-15T00:00:00,DJF,2012,25.84,-0.71
2012-02-15T00:00:00,JFM,2012,26.22,-0.56
2012-03-15T00:00:00,FMA,2012,26.79,-0.44
2012-04-15T00:00:00,MAM,2012,27.29,-0.35
2012-05-15T00:00:00,AMJ,2012,27.62,-0.18
2012-06-15T00:00:00,MJJ,2012,27.66,0.03
2012-07-15T00:00:00,JJA,2012,27.57,0.28
2012-08-15T00:00:00,JAS,2012,27.35,0.39
2012-09-15T00:00:00,ASO,2012,27.13,0.37
2012-10-15T00:00:00,SON,2012,26.99,0.28
2012-11-15T00:00:00,OND,2012,26.78,0.13
2012-12-15T00:00:00,NDJ,2012,26.53,-0.03
2013-01-15T00:00:00,DJF,2013,26.3,-0.24
2013-02-15T00:00:00,JFM,2013,26.5,-0.28
2013-03-15T00:00:00,FMA,2013,27,-0.23
2013-04-15T00:00:00,MAM,2013,27.43,-0.2
2013-05-15T00:00:00,AMJ,2013,27.49,-0.3
2013-06-15T00:00:00,MJJ,2013,27.24,-0.38
2013-07-15T00:00:00,JJA,2013,26.84,-0.45
2013-08-15T00:00:00,JAS,2013,26.61,-0.34
2013-09-15T00:00:00,ASO,2013,26.45,-0.32
2013-10-15T00:00:00,SON,2013,26.57,-0.14
2013-11-15T00:00:00,OND,2013,26.53,-0.12
2013-12-15T00:00:00,NDJ,2013,26.45,-0.11
2014-01-15T00:00:00,DJF,2014,26.31,-0.24
2014-02-15T00:00:00,JFM,2014,26.57,-0.21
2014-03-15T00:00:00,FMA,2014,27.21,-0.02
2014-04-15T00:00:00,MAM,2014,27.88,0.25
2014-05-15T00:00:00,AMJ,2014,28.14,0.35
2014-06-15T00:00:00,MJJ,2014,27.84,0.22
2014-07-15T00:00:00,JJA,2014,27.36,0.07
2014-08-15T00:00:00,JAS,2014,27.03,0.07
2014-09-15T00:00:00,ASO,2014,27,0.24
2014-10-15T00:00:00,SON,2014,27.22,0.51
2014-11-15T00:00:00,OND,2014,27.35,0.7
2014-12-15T00:00:00,NDJ,2014,27.36,0.8
2015-01-15T00:00:00,DJF,2015,27.28,0.73
2015-02-15T00:00:00,JFM,2015,27.43,0.65
2015-03-15T00:00:00,FMA,2015,27.95,0.72
2015-04-15T00:00:00,MAM,2015,28.49,0.86
2015-05-15T00:00:00,AMJ,2015,28.83,1.04
2015-06-15T00:00:00,MJJ,2015,28.82,1.19
2015-07-15T00:00:00,JJA,2015,28.73,1.44
2015-08-15T00:00:00,JAS,2015,28.69,1.73
2015-09-15T00:00:00,ASO,2015,28.79,2.02
2015-10-15T00:00:00,SON,2015,28.99,2.28
2015-11-15T00:00:00,OND,2015,29.1,2.45
2015-12-15T00:00:00,NDJ,2015,29.15,2.59
2016-01-15T00:00:00,DJF,2016,29.05,2.5
2016-02-15T00:00:00,JFM,2016,28.99,2.21
2016-03-15T00:00:00,FMA,2016,28.92,1.69
2016-04-15T00:00:00,MAM,2016,28.74,1.11
2016-05-15T00:00:00,AMJ,2016,28.37,0.57
2016-06-15T00:00:00,MJJ,2016,27.72,0.09
2016-07-15T00:00:00,JJA,2016,27.1,-0.19
2016-08-15T00:00:00,JAS,2016,26.62,-0.34
2016-09-15T00:00:00,ASO,2016,26.34,-0.42
2016-10-15T00:00:00,SON,2016,26.2,-0.51
2016-11-15T00:00:00,OND,2016,26.16,-0.49
2016-12-15T00:00:00,NDJ,2016,26.19,-0.37
2017-01-15T00:00:00,DJF,2017,26.47,-0.08
2017-02-15T00:00:00,JFM,2017,26.86,0.08
2017-03-15T00:00:00,FMA,2017,27.5,0.27
2017-04-15T00:00:00,MAM,2017,27.95,0.32
2017-05-15T00:00:00,AMJ,2017,28.15,0.35
2017-06-15T00:00:00,MJJ,2017,27.94,0.32
2017-07-15T00:00:00,JJA,2017,27.43,0.14
2017-08-15T00:00:00,JAS,2017,26.89,-0.07
2017-09-15T00:00:00,ASO,2017,26.54,-0.23
2017-10-15T00:00:00,SON,2017,26.27,-0.44
2017-11-15T00:00:00,OND,2017,26.04,-0.61
2017-12-15T00:00:00,NDJ,2017,25.8,-0.76
2018-01-15T00:00:00,DJF,2018,25.83,-0.71
2018-02-15T00:00:00,JFM,2018,26.11,-0.67
2018-03-15T00:00:00,FMA,2018,26.68,-0.55
2018-04-15T00:00:00,MAM,2018,27.28,-0.35
2018-05-15T00:00:00,AMJ,2018,27.72,-0.07
2018-06-15T00:00:00,MJJ,2018,27.76,0.13
2018-07-15T00:00:00,JJA,2018,27.49,0.2
2018-08-15T00:00:00,JAS,2018,27.25,0.3
2018-09-15T00:00:00,ASO,2018,27.28,0.52
2018-10-15T00:00:00,SON,2018,27.53,0.82
2018-11-15T00:00:00,OND,2018,27.69,1.04
2018-12-15T00:00:00,NDJ,2018,27.61,1.05
2019-01-15T00:00:00,DJF,2019,27.54,0.99
2019-02-15T00:00:00,JFM,2019,27.72,0.94
2019-03-15T00:00:00,FMA,2019,28.1,0.87
2019-04-15T00:00:00,MAM,2019,28.45,0.82
2019-05-15T00:00:00,AMJ,2019,28.5,0.71
2019-06-15T00:00:00,MJJ,2019,28.21,0.59
2019-07-15T00:00:00,JJA,2019,27.67,0.38
2019-08-15T00:00:00,JAS,2019,27.16,0.2
2019-09-15T00:00:00,ASO,2019,27.07,0.31
2019-10-15T00:00:00,SON,2019,27.22,0.51
2019-11-15T00:00:00,OND,2019,27.37,0.72
2019-12-15T00:00:00,NDJ,2019,27.31,0.75
2020-01-15T00:00:00,DJF,2020,27.25,0.71
2020-02-15T00:00:00,JFM,2020,27.44,0.66
2020-03-15T00:00:00,FMA,2020,27.8,0.57
2020-04-15T00:00:00,MAM,2020,27.97,0.33
2020-05-15T00:00:00,AMJ,2020,27.83,0.04
2020-06-15T00:00:00,MJJ,2020,27.45,-0.18
2020-07-15T00:00:00,JJA,2020,27,-0.29
2020-08-15T00:00:00,JAS,2020,26.52,-0.43
2020-09-15T00:00:00,ASO,2020,25.99,-0.77
2020-10-15T00:00:00,SON,2020,25.71,-1
2020-11-15T00:00:00,OND,2020,25.54,-1.11
2020-12-15T00:00:00,NDJ,2020,25.5,-1.06
2021-01-15T00:00:00,DJF,2021,25.55,-0.99
2021-02-15T00:00:00,JFM,2021,25.92,-0.85
2021-03-15T00:00:00,FMA,2021,26.48,-0.74
2021-04-15T00:00:00,MAM,2021,27.07,-0.56
2021-05-15T00:00:00,AMJ,2021,27.39,-0.4
2021-06-15T00:00:00,MJJ,2021,27.31,-0.31
2021-07-15T00:00:00,JJA,2021,26.95,-0.35
2021-08-15T00:00:00,JAS,2021,26.49,-0.46
2021-09-15T00:00:00,ASO,2021,26.13,-0.64
2021-10-15T00:00:00,SON,2021,25.94,-0.77
2021-11-15T00:00:00,OND,2021,25.74,-0.91
2021-12-15T00:00:00,NDJ,2021,25.73,-0.83
2022-01-15T00:00:00,DJF,2022,25.79,-0.76
2022-02-15T00:00:00,JFM,2022,26.09,-0.68
2022-03-15T00:00:00,FMA,2022,26.46,-0.77
2022-04-15T00:00:00,MAM,2022,26.77,-0.86
2022-05-15T00:00:00,AMJ,2022,26.96,-0.83
2022-06-15T00:00:00,MJJ,2022,26.9,-0.73
2022-07-15T00:00:00,JJA,2022,26.59,-0.7
2022-08-15T00:00:00,JAS,2022,26.18,-0.78
2022-09-15T00:00:00,ASO,2022,25.89,-0.87
2022-10-15T00:00:00,SON,2022,25.82,-0.89
2022-11-15T00:00:00,OND,2022,25.83,-0.82
2022-12-15T00:00:00,NDJ,2022,25.86,-0.7
2023-01-15T00:00:00,DJF,2023,26,-0.55
2023-02-15T00:00:00,JFM,2023,26.45,-0.33
2023-03-15T00:00:00,FMA,2023,27.12,-0.11
2023-04-15T00:00:00,MAM,2023,27.82,0.19
2023-05-15T00:00:00,AMJ,2023,28.25,0.46
2023-06-15T00:00:00,MJJ,2023,28.36,0.73
2023-07-15T00:00:00,JJA,2023,28.29,1
2023-08-15T00:00:00,JAS,2023,28.21,1.25
2023-09-15T00:00:00,ASO,2023,28.26,1.5
2023-10-15T00:00:00,SON,2023,28.45,1.74
2023-11-15T00:00:00,OND,2023,28.55,1.9
2023-12-15T00:00:00,NDJ,2023,28.55,1.99
2024-01-15T00:00:00,DJF,2024,28.38,1.84
2024-02-15T00:00:00,JFM,2024,28.3,1.53
2024-03-15T00:00:00,FMA,2024,28.4,1.18
2024-04-15T00:00:00,MAM,2024,28.4,0.77
2024-05-15T00:00:00,AMJ,2024,28.23,0.43
2024-06-15T00:00:00,MJJ,2024,27.8,0.18
2024-07-15T00:00:00,JJA,2024,27.35,0.06
2024-08-15T00:00:00,JAS,2024,26.92,-0.04
2024-09-15T00:00:00,ASO,2024,26.64,-0.12
2024-10-15T00:00:00,SON,2024,26.52,-0.19
2024-11-15T00:00:00,OND,2024,26.35,-0.29
2024-12-15T00:00:00,NDJ,2024,26.13,-0.43
2025-01-15T00:00:00,DJF,2025,26.09,-0.46
2025-02-15T00:00:00,JFM,2025,26.56,-0.22
2025-03-15T00:00:00,FMA,2025,27.15,-0.08
2025-04-15T00:00:00,MAM,2025,27.65,0.02
2025-05-15T00:00:00,AMJ,2025,27.76,-0.04
2025-06-15T00:00:00,MJJ,2025,27.61,-0.02
2025-07-15T00:00:00,JJA,2025,27.18,-0.11
2025-08-15T00:00:00,JAS,2025,26.7,-0.26
2025-09-15T00:00:00,ASO,2025,26.33,-0.43
2025-10-15T00:00:00,SON,2025,26.14,-0.57
2025-11-15T00:00:00,OND,2025,26.04,-0.61
2025-12-15T00:00:00,NDJ,2025,25.96,-0.6
2026-01-15T00:00:00,DJF,2026,26.15,-0.39
2026-02-15T00:00:00,JFM,2026,26.57,-0.21
2026-03-15T00:00:00,FMA,2026,27.34,0.11
2026-04-15T00:00:00,MAM,2026,28.09,0.46
2026-05-15T00:00:00,AMJ,2026,28.74,0.95
2026-06-15T00:00:00,MJJ,2026,29.02,1.39
2026-07-15T00:00:00,JJA,2026,29.09,1.8
